{"id":2000,"remoteAddress":"147.92.165.67","inMaxSpeed":0,"interface":"en0","originalPolicyName":"DIRECT","notes":["01:44:24.367202 [Connection] Handled by VIF","01:44:24.368962 [TLS] TLS Client Hello SNI: legy.line-apps.com","01:44:24.369001 [MITM] Enable MITM due to capture MITM viaride setting entry: *","01:44:24.395755 [MITM] MITM via HTTP\/2 mode","01:44:31.548796 [Rule] Sub-rule matched: .line-apps.com(in Line.list)","01:44:31.548823 [Rule] Rule matched: RULE-SET Line.list","01:44:31.548974 [HTTP] Reuse previous connection: SGHTTPOutgoingConnectionH2-46","01:44:31.549004 [HTTP] HTTP protocol negotiation completed: HTTP\/2","01:44:31.691512 [Connection] Disconnect with reason: Stream closed"],"inCurrentSpeed":0,"failed":false,"status":"Completed","outCurrentSpeed":0,"completed":true,"sourcePort":59712,"completedDate":1729791871.6916709,"outBytes":482,"sourceAddress":"198.18.0.1","localAddress":"192.168.0.88","requestHeader":"POST \/ext\/lgfp\/lad\/v1 HTTP\/2\r\n:authority: legy.line-apps.com\r\ncontent-type: application\/x-www-form-urlencoded\r\nx-lhm: POST\r\naccept: *\/*\r\ncontent-encoding: deflate\r\naccept-language: zh-TW,zh-Hant;q=0.9\r\naccept-encoding: gzip, deflate, br\r\ncontent-length: 413\r\nuser-agent: LINE\/2024.1016.2101 CFNetwork\/1568.200.51 Darwin\/24.1.0\r\nx-lpv: 1\r\ncookie: os=ios\r\ncookie: _trmccid=5808af8b2009e077\r\n\r\n","local":true,"policyName":"DIRECT","inBytes":3784,"deviceName":"Kristen’s iPhone","replicaDirectoryPath":"\/private\/var\/mobile\/Containers\/Shared\/AppGroup\/02CCA25A-400E-41CF-B091-F0E018D75883\/Replica\/2024-10-25-014424\/Requests\/002000 - 01.44.24 - POST - https%3A%2F%2Flegy.line%2Dapps.com%2Fext%2Flgfp%2Flad%2Fv1","takeoverMode":10,"method":"POST","replica":true,"pid":0,"rule":"RULE-SET Line.list","startDate":1729791864.3672009,"streamHasResponseBody":true,"setupCompletedDate":1729791871.548996,"URL":"https:\/\/legy.line-apps.com\/ext\/lgfp\/lad\/v1","outMaxSpeed":0,"modified":false,"responseHeader":"HTTP\/2 200\r\nx-lc: 200\r\ncontent-type: application\/json\r\nserver: legy\r\ncontent-encoding: gzip\r\n\r\n","rejected":false,"engineIdentifier":2,"timingRecords":[{"durationInMillisecond":0,"name":"Rule Evaluating","duration":0.00081929165753535926}],"remoteHost":"legy.line-apps.com","streamHasRequestBody":true}